{
  "version": 1,
  "author": "Arvind Patil",
  "editor": "wokwi",
  "parts": [
    { "type": "wokwi-arduino-uno", "id": "uno", "top": 81.33, "left": -20, "attrs": {} },
    {
      "type": "wokwi-led",
      "id": "led1",
      "top": -18.8,
      "left": -113.13,
      "attrs": { "color": "green" }
    },
    {
      "type": "wokwi-led",
      "id": "led2",
      "top": -18.13,
      "left": -69.8,
      "attrs": { "color": "red" }
    },
    {
      "type": "wokwi-led",
      "id": "led3",
      "top": -17.46,
      "left": -33.8,
      "attrs": { "color": "green" }
    },
    { "type": "wokwi-led", "id": "led4", "top": -14.8, "left": 4.87, "attrs": { "color": "red" } },
    {
      "type": "wokwi-led",
      "id": "led5",
      "top": -13.47,
      "left": 49.53,
      "attrs": { "color": "green" }
    },
    {
      "type": "wokwi-led",
      "id": "led6",
      "top": -12.8,
      "left": 101.53,
      "attrs": { "color": "red" }
    },
    {
      "type": "wokwi-led",
      "id": "led7",
      "top": -10.8,
      "left": 146.2,
      "attrs": { "color": "green" }
    },
    {
      "type": "wokwi-led",
      "id": "led8",
      "top": -9.47,
      "left": 201.53,
      "attrs": { "color": "red" }
    },
    {
      "type": "wokwi-led",
      "id": "led9",
      "top": -9.46,
      "left": 249.53,
      "attrs": { "color": "green" }
    },
    {
      "type": "wokwi-led",
      "id": "led10",
      "top": -10.14,
      "left": 298.86,
      "attrs": { "color": "red" }
    }
  ],
  "connections": [
    [ "led1:C", "led2:C", "green", [ "v37.1", "h48.46" ] ],
    [ "led2:C", "led3:C", "green", [ "v36.43", "h34.47" ] ],
    [ "led3:C", "led4:C", "green", [ "v41.76", "h43.13" ] ],
    [ "led4:C", "led5:C", "green", [ "v39.77", "h41.8" ] ],
    [ "led5:C", "led6:C", "green", [ "v37.77", "h57.14" ] ],
    [ "led6:C", "led7:C", "green", [ "v37.1", "h47.8" ] ],
    [ "led7:C", "led8:C", "green", [ "v35.77", "h58.47" ] ],
    [ "led8:C", "led9:C", "green", [ "v36.44", "h54.47" ] ],
    [ "led9:C", "led10:C", "green", [ "v34.43", "h47.8" ] ],
    [ "led10:A", "uno:2", "green", [ "v42.44", "h-104.86" ] ],
    [ "led9:A", "uno:3", "green", [ "v95.76", "h-63.53" ] ],
    [ "led8:A", "uno:4", "green", [ "v5.1", "h-30.86" ] ],
    [ "led7:A", "uno:5", "green", [ "v3.1", "h15.13" ] ],
    [ "led6:A", "uno:6", "green", [ "v14.43", "h45.14" ] ],
    [ "led5:A", "uno:7", "green", [ "v27.1", "h73.14" ] ],
    [ "led4:A", "uno:8", "green", [ "v146.43", "h122.46" ] ],
    [ "led3:A", "uno:9", "green", [ "v165.76", "h131.13" ] ],
    [ "led2:A", "uno:10", "green", [ "v179.1", "h173.13" ] ],
    [ "led1:A", "uno:11", "green", [ "v137.76", "h199.8" ] ],
    [ "led1:C", "uno:GND.1", "green", [ "v100.43", "h191.13" ] ]
  ],
  "dependencies": {}
}