{
  "version": 1,
  "author": "Arvind Patil",
  "editor": "wokwi",
  "parts": [
    { "type": "wokwi-arduino-uno", "id": "uno", "top": 111.33, "left": -76, "attrs": {} },
    {
      "type": "wokwi-led",
      "id": "led1",
      "top": 8.53,
      "left": 178.86,
      "attrs": { "color": "cyan" }
    },
    {
      "type": "wokwi-led",
      "id": "led2",
      "top": 9.21,
      "left": 144.2,
      "attrs": { "color": "blue" }
    },
    {
      "type": "wokwi-led",
      "id": "led3",
      "top": 9.2,
      "left": 107.54,
      "attrs": { "color": "limegreen" }
    },
    {
      "type": "wokwi-led",
      "id": "led4",
      "top": 9.2,
      "left": 73.54,
      "attrs": { "color": "yellow" }
    },
    { "type": "wokwi-led", "id": "led5", "top": 11.86, "left": 42.2, "attrs": { "color": "red" } },
    {
      "type": "wokwi-led",
      "id": "led6",
      "top": 10.53,
      "left": -17.14,
      "attrs": { "color": "orange" }
    },
    {
      "type": "wokwi-led",
      "id": "led7",
      "top": 11.19,
      "left": 12.87,
      "attrs": { "color": "white" }
    },
    {
      "type": "wokwi-led",
      "id": "led8",
      "top": 9.2,
      "left": -44.47,
      "attrs": { "color": "purple" }
    },
    {
      "type": "wokwi-led",
      "id": "led9",
      "top": 9.87,
      "left": -75.81,
      "attrs": { "color": "green" }
    },
    {
      "type": "wokwi-led",
      "id": "led10",
      "top": 9.86,
      "left": -102.46,
      "attrs": { "color": "cyan" }
    },
    {
      "type": "wokwi-led-ring",
      "id": "ring1",
      "top": 24.77,
      "left": 216.92,
      "attrs": { "pixels": "24" }
    }
  ],
  "connections": [
    [ "led10:C", "led9:C", "green", [ "v31.11", "h31.79" ] ],
    [ "led9:C", "led8:C", "green", [ "v33.76", "h29.81" ] ],
    [ "led8:C", "led6:C", "green", [ "v37.77", "h33.14" ] ],
    [ "led6:C", "led7:C", "green", [ "v38.44", "h35.14" ] ],
    [ "led5:C", "led7:C", "green", [ "v36.44", "h-28.2" ] ],
    [ "led5:C", "led4:C", "green", [ "v37.11", "h35.13" ] ],
    [ "led4:C", "led3:C", "green", [ "v39.1", "h33.13" ] ],
    [ "led3:C", "led2:C", "green", [ "v39.1", "h31.79" ] ],
    [ "led2:C", "led1:C", "green", [ "v37.76", "h27.13" ] ],
    [ "led1:A", "uno:3", "yellow", [ "v52.44", "h-54.86" ] ],
    [ "led2:A", "uno:4", "yellow", [ "v45.09", "h-26.2" ] ],
    [ "led3:A", "uno:5", "yellow", [ "v12.43", "h14.46", "v20.67", "h-12.67" ] ],
    [ "led4:A", "uno:6", "violet", [ "v20.43", "h17.79", "v3.33" ] ],
    [ "led5:A", "uno:7", "violet", [ "v45.11", "h36.47", "v2" ] ],
    [ "led7:A", "uno:8", "violet", [ "v53.78", "h54.46", "v-2" ] ],
    [ "led6:A", "uno:9", "violet", [ "v146.44", "h68.47" ] ],
    [ "led8:A", "uno:10", "green", [ "v83.1", "h96.47" ] ],
    [ "led9:A", "uno:11", "green", [ "v103.1", "h90.48" ] ],
    [ "led10:A", "uno:12", "green", [ "v121.77", "h125.13" ] ],
    [ "led10:C", "uno:GND.1", "black", [ "v169.77", "h124.46" ] ],
    [ "ring1:GND", "uno:GND.3", "black", [ "v99.11", "h-197.72" ] ],
    [ "ring1:VCC", "uno:VIN", "red", [ "v45.11", "h-189.33" ] ],
    [ "ring1:DIN", "uno:2", "green", [ "v-8.22", "h-155.59" ] ]
  ],
  "dependencies": {}
}