{
  "version": 1,
  "author": "Arvind Patil",
  "editor": "wokwi",
  "parts": [
    { "type": "wokwi-attiny85", "id": "tiny", "top": 0, "left": 0, "attrs": {} },
    {
      "type": "wokwi-led",
      "id": "led1",
      "top": -106.53,
      "left": -161.67,
      "attrs": { "color": "purple" }
    },
    {
      "type": "wokwi-led",
      "id": "led2",
      "top": -105.33,
      "left": -107.8,
      "attrs": { "color": "blue" }
    },
    {
      "type": "wokwi-led",
      "id": "led3",
      "top": -106.67,
      "left": -69.8,
      "attrs": { "color": "magenta" }
    },
    {
      "type": "wokwi-led",
      "id": "led4",
      "top": -106,
      "left": -25.8,
      "attrs": { "color": "orange" }
    },
    { "type": "wokwi-led", "id": "led5", "top": -102, "left": 22.87, "attrs": { "color": "red" } },
    {
      "type": "wokwi-led",
      "id": "led6",
      "top": -104.67,
      "left": 60.87,
      "attrs": { "color": "cyan" }
    },
    {
      "type": "wokwi-led",
      "id": "led7",
      "top": -100.54,
      "left": -219.67,
      "attrs": { "color": "green" }
    }
  ],
  "connections": [
    [ "led1:C", "led2:C", "black", [ "v38.94", "h59.92" ] ],
    [ "led2:C", "led3:C", "black", [ "v36.4", "h35.39" ] ],
    [ "led3:C", "led4:C", "black", [ "v34.41", "h42.72" ] ],
    [ "led4:C", "led5:C", "black", [ "v37.07", "h42.72" ] ],
    [ "led5:C", "led6:C", "black", [ "v32.41", "h42.05" ] ],
    [ "led1:C", "tiny:GND", "black", [ "v141.6", "h148.59" ] ],
    [ "led6:A", "tiny:PB0", "black", [ "v51.74", "h-52.62" ] ],
    [ "led5:A", "tiny:PB1", "red", [ "v43.07", "h-22.62" ] ],
    [ "led4:A", "tiny:PB2", "grey", [ "v10.41", "h14.05" ] ],
    [ "led3:A", "tiny:VCC", "yellow", [ "v40.41", "h43.39", "v18.67" ] ],
    [ "led2:A", "tiny:PB4", "violet", [ "v113.74", "h110.05" ] ],
    [ "led1:A", "tiny:PB3", "blue", [ "v131.6", "h137.26" ] ],
    [ "led7:A", "tiny:PB5", "white", [ "v92.94", "h196.59" ] ],
    [ "led7:C", "led1:C", "black", [ "v0" ] ]
  ],
  "dependencies": {}
}