{
  "version": 1,
  "author": "Arvind Patil",
  "editor": "wokwi",
  "parts": [
    { "type": "wokwi-arduino-uno", "id": "uno", "top": 72.67, "left": -160, "attrs": {} },
    {
      "type": "wokwi-led",
      "id": "led1",
      "top": -73.33,
      "left": -59.4,
      "attrs": { "color": "red" }
    },
    {
      "type": "wokwi-led",
      "id": "led2",
      "top": -70,
      "left": -126.73,
      "attrs": { "color": "red" }
    },
    {
      "type": "wokwi-led",
      "id": "led3",
      "top": -73.33,
      "left": -157.4,
      "attrs": { "color": "red" }
    },
    {
      "type": "wokwi-led",
      "id": "led4",
      "top": -70.67,
      "left": -94.07,
      "attrs": { "color": "red" }
    },
    {
      "type": "wokwi-led",
      "id": "led5",
      "top": -60.67,
      "left": 71.93,
      "attrs": { "color": "red" }
    },
    { "type": "wokwi-led", "id": "led6", "top": -64, "left": 43.93, "attrs": { "color": "red" } },
    {
      "type": "wokwi-led",
      "id": "led9",
      "top": -64.67,
      "left": 110.6,
      "attrs": { "color": "red" }
    },
    {
      "type": "wokwi-led",
      "id": "led10",
      "top": -60.67,
      "left": 142.6,
      "attrs": { "color": "red" }
    },
    {
      "type": "wokwi-led",
      "id": "led11",
      "top": -63.33,
      "left": 170.6,
      "attrs": { "color": "red" }
    },
    { "type": "wokwi-lcd2004", "id": "lcd1", "top": 51.15, "left": 171.9, "attrs": {} }
  ],
  "connections": [
    [ "led3:C", "led2:C", "black", [ "v21.03", "h18.73", "v17.33" ] ],
    [ "led2:C", "led4:C", "black", [ "v18.37", "h34.06" ] ],
    [ "led4:C", "led1:C", "black", [ "v19.71", "h30.74" ] ],
    [ "led6:C", "led5:C", "green", [ "v20.37", "h23.4" ] ],
    [ "led5:C", "led9:C", "green", [ "v18.37", "h32.74" ] ],
    [ "led10:C", "led11:C", "green", [ "v23.04", "h24.07" ] ],
    [ "led9:C", "led10:C", "green", [ "v9.71", "h24.07" ] ],
    [ "led3:C", "uno:GND.1", "black", [ "v61.7", "h98.73", "v44" ] ],
    [ "led3:A", "uno:13", "green", [ "v55.7", "h94.73" ] ],
    [ "led2:A", "uno:12", "green", [ "v45.04", "h67.4" ] ],
    [ "led4:A", "uno:11", "green", [ "v40.37", "h50.74" ] ],
    [ "led1:A", "uno:10", "green", [ "v38.37", "h22.73" ] ],
    [ "led6:A", "uno:7", "green", [ "v61.04", "h-39.26" ] ],
    [ "led5:A", "uno:6", "green", [ "v67.04", "h-57.26" ] ],
    [ "led9:A", "uno:5", "green", [ "v40.37", "h-77.27" ] ],
    [ "led10:A", "uno:4", "green", [ "v43.71", "h-105.93" ] ],
    [ "led11:A", "uno:3", "green", [ "v30.37", "h-116.6" ] ],
    [ "lcd1:VSS", "uno:GND.3", "green", [ "v75.9", "h-179.94" ] ],
    [ "lcd1:VDD", "uno:5V", "green", [ "v95.61", "h-200.94" ] ],
    [ "uno:7", "lcd1:D4", "magenta", [ "v173.33", "h275.02" ] ],
    [ "uno:6", "lcd1:D5", "magenta", [ "v184.19", "h269.86" ] ],
    [ "uno:5", "lcd1:D6", "magenta", [ "v197.23", "h276.29" ] ],
    [ "uno:4", "lcd1:D7", "magenta", [ "v213.88", "h274.75" ] ],
    [ "lcd1:E", "uno:8", "blue", [ "v135.13", "h-242.58", "v-26.79" ] ],
    [ "lcd1:RS", "uno:9", "green", [ "v111.96", "h-257.83" ] ],
    [ "led6:C", "led1:C", "green", [ "v18.51", "h-105.36" ] ]
  ],
  "dependencies": {}
}