{
  "version": 1,
  "author": "Arvind Patil",
  "editor": "wokwi",
  "parts": [
    {
      "type": "wokwi-esp32-devkit-v1",
      "id": "esp",
      "top": 74.93,
      "left": -21.93,
      "rotate": 90,
      "attrs": {}
    },
    {
      "type": "wokwi-led",
      "id": "led1",
      "top": 27.93,
      "left": -136.99,
      "attrs": { "color": "red" }
    },
    {
      "type": "wokwi-led",
      "id": "led2",
      "top": 27.92,
      "left": -109.12,
      "attrs": { "color": "red" }
    },
    {
      "type": "wokwi-led",
      "id": "led3",
      "top": 25.64,
      "left": -87.19,
      "attrs": { "color": "red" }
    },
    {
      "type": "wokwi-led",
      "id": "led4",
      "top": 27.01,
      "left": -60.23,
      "attrs": { "color": "red" }
    },
    {
      "type": "wokwi-led",
      "id": "led5",
      "top": 28.38,
      "left": -32.82,
      "attrs": { "color": "red" }
    },
    { "type": "wokwi-led", "id": "led6", "top": 29.3, "left": -1.75, "attrs": { "color": "red" } },
    {
      "type": "wokwi-led",
      "id": "led7",
      "top": 30.21,
      "left": 27.95,
      "attrs": { "color": "red" }
    },
    { "type": "wokwi-led", "id": "led8", "top": 29.3, "left": 53.07, "attrs": { "color": "red" } },
    { "type": "wokwi-led", "id": "led9", "top": 29.3, "left": 84.6, "attrs": { "color": "red" } },
    {
      "type": "wokwi-led",
      "id": "led10",
      "top": 31.13,
      "left": 115.66,
      "attrs": { "color": "red" }
    },
    {
      "type": "wokwi-led",
      "id": "led11",
      "top": 30.67,
      "left": 147.65,
      "attrs": { "color": "red" }
    },
    {
      "type": "wokwi-led",
      "id": "led12",
      "top": 30.67,
      "left": 176.43,
      "attrs": { "color": "red" }
    }
  ],
  "connections": [
    [ "esp:TX0", "$serialMonitor:RX", "", [] ],
    [ "esp:RX0", "$serialMonitor:TX", "", [] ],
    [ "led1:C", "led2:C", "green", [ "v19.95", "h25.66" ] ],
    [ "led2:C", "led3:C", "green", [ "v24.07", "h24.75" ] ],
    [ "led3:C", "led4:C", "green", [ "v26.35", "h26.12" ] ],
    [ "led4:C", "led5:C", "green", [ "v24.53", "h26.57" ] ],
    [ "led5:C", "led6:C", "green", [ "v21.79", "h36.17" ] ],
    [ "led6:C", "led7:C", "green", [ "v20.87", "h32.97" ] ],
    [ "led7:C", "led8:C", "green", [ "v21.78", "h31.14" ] ],
    [ "led8:C", "led9:C", "green", [ "v22.24", "h32.98" ] ],
    [ "led9:C", "led10:C", "green", [ "v24.52", "h27.03" ] ],
    [ "led10:C", "led11:C", "green", [ "v23.61", "h32.98" ] ],
    [ "led11:C", "led12:C", "green", [ "v24.52", "h29.32" ] ],
    [ "led12:A", "esp:D2", "green", [ "v165.17", "h-197.27" ] ],
    [ "led11:A", "esp:D4", "green", [ "v138", "h-156.47" ] ],
    [ "led10:A", "esp:D5", "green", [ "v133.36", "h-99.39" ] ],
    [ "led9:A", "esp:D18", "green", [ "v118.98", "h-55.27" ] ],
    [ "led8:A", "esp:D15", "green", [ "v0" ] ],
    [ "led7:A", "esp:D12", "green", [ "v45.95", "h-43.56" ] ],
    [ "led6:A", "esp:D13", "green", [ "v48.43", "h-25.36" ] ],
    [ "led5:A", "esp:D14", "green", [ "v38.9", "h22.43" ] ],
    [ "led4:A", "esp:D27", "green", [ "v83.12", "h54.02" ] ],
    [ "led3:A", "esp:D26", "green", [ "v104.88", "h120.7" ] ],
    [ "led2:A", "esp:D25", "green", [ "v95.8", "h145.25" ] ],
    [ "led1:A", "esp:D22", "green", [ "v84.82", "h174.69" ] ],
    [ "led1:C", "esp:GND.1", "green", [ "v184.11", "h95.32" ] ]
  ],
  "dependencies": {}
}