{
  "version": 1,
  "author": "Arvind Patil",
  "editor": "wokwi",
  "parts": [
    { "type": "wokwi-arduino-uno", "id": "uno", "top": 114.66, "left": 8, "attrs": {} },
    {
      "type": "wokwi-led",
      "id": "led1",
      "top": 2.53,
      "left": -38.47,
      "attrs": { "color": "red" }
    },
    { "type": "wokwi-led", "id": "led2", "top": 4.53, "left": 6.87, "attrs": { "color": "red" } },
    { "type": "wokwi-led", "id": "led3", "top": 3.87, "left": 40.87, "attrs": { "color": "red" } },
    { "type": "wokwi-led", "id": "led4", "top": 3.2, "left": 90.2, "attrs": { "color": "red" } },
    {
      "type": "wokwi-led",
      "id": "led5",
      "top": 3.87,
      "left": 136.87,
      "attrs": { "color": "red" }
    },
    {
      "type": "wokwi-led",
      "id": "led6",
      "top": 7.87,
      "left": 174.87,
      "attrs": { "color": "red" }
    },
    { "type": "wokwi-led", "id": "led7", "top": 7.2, "left": 214.87, "attrs": { "color": "red" } },
    { "type": "wokwi-led", "id": "led8", "top": 8.53, "left": 254.2, "attrs": { "color": "red" } },
    { "type": "wokwi-led", "id": "led9", "top": 7.2, "left": 288.2, "attrs": { "color": "red" } },
    {
      "type": "wokwi-led",
      "id": "led10",
      "top": 5.2,
      "left": 318.87,
      "attrs": { "color": "red" }
    },
    { "type": "wokwi-potentiometer", "id": "pot2", "top": 220.83, "left": 292.2, "attrs": {} }
  ],
  "connections": [
    [ "led1:C", "led2:C", "green", [ "v19.1", "h45.14" ] ],
    [ "led2:C", "led3:C", "green", [ "v19.77", "h37.13" ] ],
    [ "led3:C", "led4:C", "green", [ "v19.1", "h47.8" ] ],
    [ "led4:C", "led5:C", "green", [ "v21.1", "h41.13" ] ],
    [ "led5:C", "led6:C", "green", [ "v21.1", "h35.8" ] ],
    [ "led6:C", "led7:C", "green", [ "v21.1", "h37.8" ] ],
    [ "led7:C", "led8:C", "green", [ "v22.43", "h40.46" ] ],
    [ "led8:C", "led9:C", "green", [ "v21.77", "h38.47" ] ],
    [ "led9:C", "led10:C", "green", [ "v22.43", "h34.47" ] ],
    [ "led1:C", "uno:GND.1", "green", [ "v63.1", "h137.8" ] ],
    [ "led10:A", "uno:2", "magenta", [ "v112.43", "h-86.87" ] ],
    [ "led9:A", "uno:3", "magenta", [ "v98.43", "h-78.87" ] ],
    [ "led8:A", "uno:4", "magenta", [ "v89.1", "h-2.2" ] ],
    [ "led7:A", "uno:5", "magenta", [ "v153.77", "h-14.2", "v-6" ] ],
    [ "led6:A", "uno:6", "magenta", [ "v43.1", "h3.8" ] ],
    [ "led5:A", "uno:7", "magenta", [ "v43.1", "h20.46" ] ],
    [ "led4:A", "uno:8", "magenta", [ "v53.1", "h65.13" ] ],
    [ "led3:A", "uno:9", "magenta", [ "v45.1", "h106.46" ] ],
    [ "led2:A", "uno:10", "magenta", [ "v152.44", "h113.13" ] ],
    [ "led1:A", "uno:11", "magenta", [ "v122.44", "h157.8" ] ],
    [ "pot2:GND", "uno:GND.2", "black", [ "v28.97", "h-146.2" ] ],
    [ "pot2:SIG", "uno:A3", "green", [ "v0" ] ],
    [ "pot2:VCC", "uno:VIN", "red", [ "v4.3", "h-146.2" ] ]
  ],
  "dependencies": {}
}