{
  "version": 1,
  "author": "Arvind Patil",
  "editor": "wokwi",
  "parts": [
    {
      "type": "wokwi-esp32-devkit-v1",
      "id": "esp",
      "top": 94.67,
      "left": 0,
      "rotate": 90,
      "attrs": { "env": "micropython-20220618-v1.19.1" }
    },
    { "type": "wokwi-led", "id": "led1", "top": 66.31, "left": 8.3, "attrs": { "color": "blue" } },
    {
      "type": "wokwi-led",
      "id": "led2",
      "top": 66.32,
      "left": 43.04,
      "attrs": { "color": "white" }
    },
    {
      "type": "wokwi-led",
      "id": "led3",
      "top": 65.41,
      "left": 83.25,
      "attrs": { "color": "yellow" }
    },
    {
      "type": "wokwi-led",
      "id": "led4",
      "top": 64.96,
      "left": 121.17,
      "attrs": { "color": "purple" }
    },
    {
      "type": "wokwi-led",
      "id": "led5",
      "top": 62.67,
      "left": 154.98,
      "attrs": { "color": "limegreen" }
    },
    {
      "type": "wokwi-led",
      "id": "led6",
      "top": 63.59,
      "left": 189.71,
      "attrs": { "color": "cyan" }
    },
    {
      "type": "wokwi-led",
      "id": "led7",
      "top": 61.75,
      "left": -115.05,
      "attrs": { "color": "green" }
    },
    {
      "type": "wokwi-led",
      "id": "led8",
      "top": 64.04,
      "left": -83.51,
      "attrs": { "color": "cyan" }
    },
    {
      "type": "wokwi-led",
      "id": "led9",
      "top": 64.96,
      "left": -47.88,
      "attrs": { "color": "magenta" }
    },
    {
      "type": "wokwi-led",
      "id": "led10",
      "top": 64.95,
      "left": -22.29,
      "attrs": { "color": "red" }
    }
  ],
  "connections": [
    [ "esp:TX0", "$serialMonitor:RX", "", [] ],
    [ "esp:RX0", "$serialMonitor:TX", "", [] ],
    [ "led7:C", "led8:C", "green", [ "v17.03", "h31.95" ] ],
    [ "led8:C", "led9:C", "green", [ "v17.94", "h37.42" ] ],
    [ "led9:C", "led10:C", "green", [ "v17.94", "h23.26" ] ],
    [ "led10:C", "led1:C", "green", [ "v17.95", "h26.92" ] ],
    [ "led1:C", "led2:C", "green", [ "v16.59", "h36.53" ] ],
    [ "led2:C", "led3:C", "green", [ "v17.49", "h39.71" ] ],
    [ "led3:C", "led4:C", "green", [ "v19.31", "h35.14" ] ],
    [ "led4:C", "led5:C", "green", [ "v18.85", "h28.75" ] ],
    [ "led5:C", "led6:C", "green", [ "v21.14", "h31.49" ] ],
    [ "led7:C", "esp:GND.1", "green", [ "v155.01", "h97.29" ] ],
    [ "led6:A", "esp:D14", "green", [ "v58.6", "h-180.01" ] ],
    [ "led5:A", "esp:D27", "green", [ "v37.59", "h-131.57" ] ],
    [ "led4:A", "esp:D26", "green", [ "v27.07", "h-86.8" ] ],
    [ "led3:A", "esp:D25", "green", [ "v30.28", "h-41.11" ] ],
    [ "led2:A", "esp:D33", "green", [ "v5.61", "h12.35" ] ],
    [ "led1:A", "esp:D32", "green", [ "v1.97", "h51.66" ] ],
    [ "led10:A", "esp:D15", "green", [ "v0" ] ],
    [ "led9:A", "esp:D12", "green", [ "v31.19", "h53.47" ] ],
    [ "led8:A", "esp:D13", "green", [ "v59.98", "h77.68" ] ],
    [ "led7:A", "esp:D2", "green", [ "v165.52", "h116.99" ] ]
  ],
  "dependencies": {}
}