{
  "version": 1,
  "author": "Arvind Patil",
  "editor": "wokwi",
  "parts": [
    {
      "type": "board-esp32-s2-devkitm-1",
      "id": "esp",
      "top": 135.43,
      "left": 20.11,
      "rotate": 90,
      "attrs": {}
    },
    {
      "type": "wokwi-led",
      "id": "led1",
      "top": 111.6,
      "left": -67.09,
      "attrs": { "color": "red" }
    },
    {
      "type": "wokwi-led",
      "id": "led2",
      "top": 113.76,
      "left": -32.73,
      "attrs": { "color": "green" }
    },
    {
      "type": "wokwi-led",
      "id": "led3",
      "top": 108.71,
      "left": -8.48,
      "attrs": { "color": "blue" }
    },
    {
      "type": "wokwi-led",
      "id": "led4",
      "top": 108.71,
      "left": 12.17,
      "attrs": { "color": "white" }
    },
    {
      "type": "wokwi-led",
      "id": "led5",
      "top": 108.71,
      "left": 36.42,
      "attrs": { "color": "blue" }
    },
    {
      "type": "wokwi-led",
      "id": "led6",
      "top": 111.6,
      "left": 63.56,
      "attrs": { "color": "cyan" }
    },
    {
      "type": "wokwi-led",
      "id": "led7",
      "top": 110.88,
      "left": 87.1,
      "attrs": { "color": "blue" }
    },
    {
      "type": "wokwi-led",
      "id": "led8",
      "top": 110.88,
      "left": 115.68,
      "attrs": { "color": "cyan" }
    },
    {
      "type": "wokwi-led",
      "id": "led9",
      "top": 112.32,
      "left": 133.45,
      "attrs": { "color": "green" }
    },
    {
      "type": "wokwi-led",
      "id": "led10",
      "top": 110.88,
      "left": 161.31,
      "attrs": { "color": "red" }
    },
    {
      "type": "wokwi-led",
      "id": "led11",
      "top": 112.32,
      "left": 192.78,
      "attrs": { "color": "green" }
    },
    {
      "type": "wokwi-led",
      "id": "led12",
      "top": 110.15,
      "left": 229.31,
      "attrs": { "color": "red" }
    },
    {
      "type": "wokwi-led",
      "id": "led13",
      "top": 106.55,
      "left": 267.28,
      "attrs": { "color": "limegreen" }
    },
    {
      "type": "wokwi-led",
      "id": "led14",
      "top": 112.32,
      "left": -138.41,
      "attrs": { "color": "white" }
    },
    {
      "type": "wokwi-led",
      "id": "led16",
      "top": 112.32,
      "left": -97.84,
      "attrs": { "color": "blue" }
    },
    {
      "type": "wokwi-led",
      "id": "led15",
      "top": 113.93,
      "left": -180.9,
      "attrs": { "color": "red" }
    }
  ],
  "connections": [
    [ "esp:TX", "$serialMonitor:RX", "", [] ],
    [ "esp:RX", "$serialMonitor:TX", "", [] ],
    [ "led3:C", "led4:C", "green", [ "v28.8", "h19.6" ] ],
    [ "led4:C", "led5:C", "green", [ "v28.8", "h19.6" ] ],
    [ "led5:C", "led6:C", "green", [ "v28.8", "h19.6" ] ],
    [ "led7:C", "led8:C", "green", [ "v28.8", "h19.6" ] ],
    [ "led8:C", "led9:C", "green", [ "v28.8", "h19.6" ] ],
    [ "led9:C", "led10:C", "green", [ "v28.8", "h19.6" ] ],
    [ "led10:C", "led11:C", "green", [ "v28.8", "h19.6" ] ],
    [ "led11:C", "led12:C", "green", [ "v28.8", "h19.6" ] ],
    [ "led12:C", "led13:C", "green", [ "v28.8", "h19.6" ] ],
    [ "led16:C", "led1:C", "green", [ "v28.8", "h19.6" ] ],
    [ "led2:C", "led1:C", "green", [ "v28.8", "h-18.8", "v-19.2" ] ],
    [ "led3:C", "led2:C", "green", [ "v28.8", "h-18.8" ] ],
    [ "led13:A", "esp:0", "green", [ "v0", "h19.2", "v76.8", "h-96" ] ],
    [ "led12:A", "esp:1", "green", [ "v57.6", "h-67.2", "v9.6" ] ],
    [ "led11:A", "esp:2", "green", [ "v38.4", "h-57.6" ] ],
    [ "led10:A", "esp:3", "green", [ "v96", "h-48", "v-9.6" ] ],
    [ "led9:A", "esp:4", "green", [ "v76.8", "h-38.4" ] ],
    [ "led8:A", "esp:5", "green", [ "v9.6", "h-19.2" ] ],
    [ "led7:A", "esp:6", "green", [ "v9.6", "h-19.2" ] ],
    [ "led6:A", "esp:7", "cyan", [ "v0" ] ],
    [ "led5:A", "esp:8", "yellow", [ "v0" ] ],
    [ "led4:A", "esp:9", "yellow", [ "v38.4", "h9.6" ] ],
    [ "led3:A", "esp:10", "green", [ "v96", "h19.2", "v-48" ] ],
    [ "led2:A", "esp:11", "magenta", [ "v105.6", "h38.4" ] ],
    [ "led1:A", "esp:12", "green", [ "v38.4", "h48" ] ],
    [ "led16:A", "esp:13", "green", [ "v76.8", "h48" ] ],
    [ "led14:A", "esp:14", "blue", [ "v96", "h57.6" ] ],
    [ "led7:C", "led6:C", "green", [ "v0" ] ],
    [ "led15:C", "led14:C", "green", [ "v33.23", "h25.26" ] ],
    [ "led15:A", "esp:15", "green", [ "v127.82", "h175.56", "v-16.61" ] ],
    [ "led14:C", "led16:C", "green", [ "v19.68", "h24.65" ] ],
    [ "led15:C", "esp:GND.2", "black", [ "v157.43", "h335.75" ] ]
  ],
  "dependencies": {}
}