{
  "version": 1,
  "author": "Arvind Patil",
  "editor": "wokwi",
  "parts": [
    {
      "type": "wokwi-pi-pico",
      "id": "pico",
      "top": -19.89,
      "left": -215.25,
      "rotate": 90,
      "attrs": { "env": "micropython-20220618-v1.19.1" }
    },
    {
      "type": "wokwi-led",
      "id": "led1",
      "top": -56.69,
      "left": -277.21,
      "attrs": { "color": "red" }
    },
    {
      "type": "wokwi-led",
      "id": "led2",
      "top": -58.46,
      "left": -238.49,
      "attrs": { "color": "yellow" }
    },
    {
      "type": "wokwi-led",
      "id": "led3",
      "top": -62.01,
      "left": -205.1,
      "attrs": { "color": "red" }
    },
    {
      "type": "wokwi-led",
      "id": "led4",
      "top": -59.17,
      "left": -165.32,
      "attrs": { "color": "limegreen" }
    },
    {
      "type": "wokwi-led",
      "id": "led5",
      "top": -57.75,
      "left": -128.38,
      "attrs": { "color": "cyan" }
    }
  ],
  "connections": [
    [ "led5:A", "pico:GP2", "green", [ "v0" ] ],
    [ "led4:A", "pico:GP3", "green", [ "v0" ] ],
    [ "led3:A", "pico:GP4", "green", [ "v0" ] ],
    [ "led1:A", "pico:GP6", "green", [ "v105.71", "h89.92" ] ],
    [ "led1:C", "pico:GND.5", "green", [ "v45.33", "h-30.79", "v111.53", "h49.73" ] ],
    [ "led2:C", "pico:GND.3", "green", [ "v0" ] ],
    [ "led3:C", "pico:GND.3", "green", [ "v0" ] ],
    [ "led4:C", "pico:GND.2", "green", [ "v0" ] ],
    [ "led5:C", "pico:GND.1", "green", [ "v0" ] ],
    [ "led2:A", "pico:GP5", "green", [ "v92.57", "h10.71" ] ]
  ],
  "dependencies": {}
}