{
  "version": 1,
  "author": "Arvind Patil",
  "editor": "wokwi",
  "parts": [
    {
      "type": "wokwi-esp32-devkit-v1",
      "id": "esp",
      "top": 76.67,
      "left": -9.33,
      "rotate": 90,
      "attrs": { "env": "micropython-20220618-v1.19.1" }
    },
    {
      "type": "wokwi-led",
      "id": "led2",
      "top": 14.8,
      "left": -177.26,
      "attrs": { "color": "red" }
    },
    {
      "type": "wokwi-led",
      "id": "led3",
      "top": 15.47,
      "left": -135.93,
      "attrs": { "color": "red" }
    },
    {
      "type": "wokwi-led",
      "id": "led4",
      "top": 15.47,
      "left": -99.27,
      "attrs": { "color": "red" }
    },
    {
      "type": "wokwi-led",
      "id": "led5",
      "top": 17.47,
      "left": -62.6,
      "attrs": { "color": "red" }
    },
    { "type": "wokwi-led", "id": "led6", "top": 18.8, "left": -12.6, "attrs": { "color": "red" } },
    { "type": "wokwi-led", "id": "led7", "top": 20.8, "left": 29.4, "attrs": { "color": "cyan" } },
    {
      "type": "wokwi-led",
      "id": "led8",
      "top": 19.46,
      "left": 79.39,
      "attrs": { "color": "cyan" }
    },
    {
      "type": "wokwi-led",
      "id": "led9",
      "top": 18.13,
      "left": 124.06,
      "attrs": { "color": "cyan" }
    },
    {
      "type": "wokwi-led",
      "id": "led10",
      "top": 15.46,
      "left": 168.06,
      "attrs": { "color": "cyan" }
    },
    {
      "type": "wokwi-led",
      "id": "led11",
      "top": 14.14,
      "left": 204.07,
      "attrs": { "color": "cyan" }
    }
  ],
  "connections": [
    [ "esp:TX0", "$serialMonitor:RX", "", [] ],
    [ "esp:RX0", "$serialMonitor:TX", "", [] ],
    [ "led2:C", "led3:C", "green", [ "v25.27", "h41.36" ] ],
    [ "led3:C", "led4:C", "green", [ "v27.26", "h37.36" ] ],
    [ "led4:C", "led5:C", "green", [ "v25.26", "h39.37" ] ],
    [ "led5:C", "led6:C", "green", [ "v25.26", "h56.7" ] ],
    [ "led6:C", "led7:C", "green", [ "v24.6", "h45.37" ] ],
    [ "led7:C", "led8:C", "green", [ "v23.93", "h54.03" ] ],
    [ "led8:C", "led9:C", "green", [ "v23.94", "h43.38" ] ],
    [ "led9:C", "led10:C", "green", [ "v23.94", "h49.37" ] ],
    [ "led10:C", "led11:C", "green", [ "v28.61", "h35.37" ] ],
    [ "led11:A", "esp:D25", "green", [ "v63.93", "h-173.3" ] ],
    [ "led10:A", "esp:D26", "green", [ "v43.94", "h9.37" ] ],
    [ "led9:A", "esp:D27", "green", [ "v44.6", "h0.04" ] ],
    [ "led8:A", "esp:D14", "green", [ "v91.27", "h-77.29" ] ],
    [ "led7:A", "esp:D12", "green", [ "v97.27", "h-33.3", "v4" ] ],
    [ "led6:A", "esp:D13", "green", [ "v46.6", "h8.03" ] ],
    [ "led5:A", "esp:D15", "green", [ "v191.93", "h33.37" ] ],
    [ "led4:A", "esp:D2", "green", [ "v202.6", "h164.7", "v-22.67", "h-69.33" ] ],
    [ "led3:A", "esp:D4", "green", [ "v211.93", "h-1.3" ] ],
    [ "led2:A", "esp:D18", "green", [ "v241.27", "h218.03" ] ],
    [ "led2:C", "esp:GND.1", "green", [ "v206.6", "h280.03" ] ]
  ],
  "dependencies": {}
}