{
  "version": 1,
  "author": "Arvind Patil",
  "editor": "wokwi",
  "parts": [
    { "type": "wokwi-arduino-uno", "id": "uno", "top": 128.66, "left": -45.33, "attrs": {} },
    {
      "type": "wokwi-led",
      "id": "led1",
      "top": 17.2,
      "left": 20.19,
      "attrs": { "color": "green" }
    },
    {
      "type": "wokwi-led",
      "id": "led2",
      "top": 15.87,
      "left": 106.2,
      "attrs": { "color": "red" }
    },
    {
      "type": "wokwi-led",
      "id": "led3",
      "top": 15.87,
      "left": -61.13,
      "attrs": { "color": "green" }
    },
    {
      "type": "wokwi-led",
      "id": "led4",
      "top": 13.2,
      "left": -111.8,
      "attrs": { "color": "green" }
    },
    {
      "type": "wokwi-led",
      "id": "led5",
      "top": 13.2,
      "left": -18.47,
      "attrs": { "color": "green" }
    },
    { "type": "wokwi-led", "id": "led6", "top": 14.54, "left": 60.2, "attrs": { "color": "red" } },
    {
      "type": "wokwi-led",
      "id": "led7",
      "top": 16.53,
      "left": 151.53,
      "attrs": { "color": "red" }
    },
    {
      "type": "wokwi-led",
      "id": "led8",
      "top": 19.2,
      "left": 200.87,
      "attrs": { "color": "red" }
    },
    {
      "type": "wokwi-led",
      "id": "led9",
      "top": 19.87,
      "left": 256.19,
      "attrs": { "color": "red" }
    },
    {
      "type": "wokwi-led",
      "id": "led10",
      "top": 19.2,
      "left": 310.2,
      "attrs": { "color": "red" }
    }
  ],
  "connections": [
    [ "led4:C", "led3:C", "green", [ "v25.1", "h49.8" ] ],
    [ "led3:C", "led5:C", "green", [ "v27.1", "h37.8" ] ],
    [ "led5:C", "led1:C", "green", [ "v29.77", "h39.14" ] ],
    [ "led1:C", "led6:C", "green", [ "v28.43", "h37.81" ] ],
    [ "led6:C", "led2:C", "green", [ "v34.43", "h40.47" ] ],
    [ "led2:C", "led7:C", "green", [ "v34.43", "h46.47" ] ],
    [ "led7:C", "led8:C", "green", [ "v32.44", "h39.8" ] ],
    [ "led8:C", "led9:C", "green", [ "v35.77", "h56.46" ] ],
    [ "led9:C", "led10:C", "green", [ "v37.1", "h52.48" ] ],
    [ "led10:A", "uno:2", "green", [ "v109.1", "h-130.87" ] ],
    [ "led9:A", "uno:3", "green", [ "v91.1", "h-101.52", "v-1.33" ] ],
    [ "led8:A", "uno:4", "green", [ "v133.1", "h-41.54", "v3.33" ] ],
    [ "led7:A", "uno:5", "green", [ "v0" ] ],
    [ "led2:A", "uno:6", "green", [ "v54.43", "h20.47" ] ],
    [ "led6:A", "uno:7", "green", [ "v61.09", "h53.8" ] ],
    [ "led1:A", "uno:8", "green", [ "v161.1", "h82.48" ] ],
    [ "led5:A", "uno:9", "green", [ "v187.1", "h93.14" ] ],
    [ "led3:A", "uno:10", "green", [ "v150.43", "h135.13" ] ],
    [ "led4:A", "uno:11", "green", [ "v175.1", "h159.8" ] ],
    [ "led4:C", "uno:GND.1", "green", [ "v116.43", "h153.8" ] ]
  ],
  "dependencies": {}
}