{
  "version": 1,
  "author": "Arvind Patil",
  "editor": "wokwi",
  "parts": [
    {
      "type": "wokwi-esp32-devkit-v1",
      "id": "esp",
      "top": 232.04,
      "left": -24.62,
      "rotate": 90,
      "attrs": {}
    },
    {
      "type": "wokwi-led",
      "id": "led1",
      "top": 206.93,
      "left": -158.6,
      "attrs": { "color": "white" }
    },
    {
      "type": "wokwi-led",
      "id": "led2",
      "top": 206.27,
      "left": -109.93,
      "attrs": { "color": "red" }
    },
    {
      "type": "wokwi-led",
      "id": "led3",
      "top": 202.93,
      "left": -61.26,
      "attrs": { "color": "yellow" }
    },
    {
      "type": "wokwi-led",
      "id": "led4",
      "top": 200.93,
      "left": -7.93,
      "attrs": { "color": "blue" }
    },
    {
      "type": "wokwi-led",
      "id": "led5",
      "top": 198.93,
      "left": 43.4,
      "attrs": { "color": "green" }
    },
    {
      "type": "wokwi-led",
      "id": "led6",
      "top": 198.94,
      "left": 97.4,
      "attrs": { "color": "cyan" }
    },
    {
      "type": "wokwi-led",
      "id": "led7",
      "top": 198.27,
      "left": 142.74,
      "attrs": { "color": "orange" }
    },
    {
      "type": "wokwi-led",
      "id": "led8",
      "top": 199.61,
      "left": 195.41,
      "attrs": { "color": "magenta" }
    },
    {
      "type": "wokwi-led",
      "id": "led9",
      "top": 195.59,
      "left": 246.73,
      "attrs": { "color": "yellow" }
    },
    {
      "type": "wokwi-lcd2004",
      "id": "lcd1",
      "top": -4.8,
      "left": -134.7,
      "attrs": { "pins": "i2c" }
    }
  ],
  "connections": [
    [ "esp:TX0", "$serialMonitor:RX", "", [] ],
    [ "esp:RX0", "$serialMonitor:TX", "", [] ],
    [ "led1:C", "led2:C", "green", [ "v16.04", "h47.1" ] ],
    [ "led2:C", "led3:C", "green", [ "v20.7", "h45.76" ] ],
    [ "led3:C", "led4:C", "green", [ "v22.7", "h53.76" ] ],
    [ "led4:C", "led5:C", "green", [ "v25.37", "h45.1" ] ],
    [ "led5:C", "led6:C", "green", [ "v25.37", "h51.77" ] ],
    [ "led6:C", "led7:C", "green", [ "v26.69", "h42.43" ] ],
    [ "led7:C", "led8:C", "green", [ "v24.03", "h43.09" ] ],
    [ "led8:C", "led9:C", "green", [ "v26.69", "h39.76" ] ],
    [ "led1:C", "esp:GND.2", "green", [ "v66.2", "h121.71" ] ],
    [ "led1:A", "esp:D2", "violet", [ "v141.01", "h129.94" ] ],
    [ "led2:A", "esp:D4", "blue", [ "v103.32", "h86.3" ] ],
    [ "led3:A", "esp:D5", "yellow", [ "v57", "h61.51" ] ],
    [ "led4:A", "esp:D12", "violet", [ "v0" ] ],
    [ "led5:A", "esp:D13", "cyan", [ "v0" ] ],
    [ "led6:A", "esp:D14", "yellow", [ "v0" ] ],
    [ "led7:A", "esp:D15", "gold", [ "v0" ] ],
    [ "led8:A", "esp:D18", "green", [ "v157.76", "h-180.07" ] ],
    [ "led9:A", "esp:D19", "green", [ "v152.35", "h-202.47" ] ],
    [ "lcd1:GND", "esp:GND.2", "black", [ "h-29.49", "v167.23", "h86.12" ] ],
    [ "lcd1:VCC", "esp:VIN", "red", [ "h-47.09", "v232.54" ] ],
    [ "lcd1:SDA", "esp:D21", "green", [ "h-46.47", "v316.71", "h248.94" ] ],
    [ "lcd1:SCL", "esp:D22", "orange", [ "h-36.41", "v274.52", "h267.8" ] ]
  ],
  "dependencies": {}
}